Set,ID,Number,Name,Faction,Type,Glory/Cost,Name,Faction,Type,Glory/Cost,Description,Glory,ObjType,Restrictions,Deck,Status,OrganisedPlay,WUOnline,Forsaken,Restricted,Forsaken (Relic),Rotated,uFAQ,Tags,HotCount
Embergard,4117,BL1,Strike the Head,Universal,Objective,1,Strike the Head,Universal,Objective,1,Score this immediately after an enemy fighter is slain by a friendly fighter if the target was a **leader** or the target's Health characteristic was equal to or greater than the attacker's.,1,Surge,-,Blazing Assault Rivals Deck,-,VVV,N,-,-,-,-,-,-,0
Embergard,4118,BL2,Branching Fate,Universal,Objective,1,Branching Fate,Universal,Objective,1,"Score this immediately after you make an Attack roll that contained 3 or more dice if each result was a different symbol. If you are the **underdog**, the Attack roll can contain 2 or more dice instead.",1,Surge,-,Blazing Assault Rivals Deck,-,VVV,N,-,-,-,-,-,-,0
Embergard,4119,BL3,Perfect Strike,Universal,Objective,1,Perfect Strike,Universal,Objective,1,Score this immediately after you make an Attack roll if all of the results were successes.,1,Surge,-,Blazing Assault Rivals Deck,-,VVV,N,-,-,-,-,-,-,0
Embergard,4120,BL4,Critical Effort,Universal,Objective,1,Critical Effort,Universal,Objective,1,Score this immediately after you make an Attack roll if any of the results was a :atCrit:.,1,Surge,-,Blazing Assault Rivals Deck,-,VVV,N,-,-,-,-,-,-,0
Embergard,4121,BL5,Get Stuck In,Universal,Objective,1,Get Stuck In,Universal,Objective,1,Score this immediately after a friendly fighter's Attack if the target was in enemy territory.,1,Surge,-,Blazing Assault Rivals Deck,-,VVV,N,-,-,-,-,-,-,0
Embergard,4122,BL6,Strong Start,Universal,Objective,1,Strong Start,Universal,Objective,1,Score this immediately after an enemy fighter is slain if that fighter was the first fighter slain this combat phase.,1,Surge,-,Blazing Assault Rivals Deck,-,VVV,N,-,-,-,-,-,-,0
Embergard,4123,BL7,Keep Choppin',Universal,Objective,1,Keep Choppin',Universal,Objective,1,Score this in an end phase if your warband Attacked 3 or more times this combat phase.,1,End,-,Blazing Assault Rivals Deck,-,VVV,N,-,-,-,-,-,-,0
Embergard,4124,BL8,Fields of Blood,Universal,Objective,1,Fields of Blood,Universal,Objective,1,Score this in an end phase if 4 or more fighters are damaged and/or slain.,1,End,-,Blazing Assault Rivals Deck,-,VVV,N,-,-,-,-,-,-,0
Embergard,4125,BL9,Go All Out,Universal,Objective,1,Go All Out,Universal,Objective,1,Score this in an end phase if 5 or more fighters have Move and/or Charge tokens.,1,End,-,Blazing Assault Rivals Deck,-,VVV,N,-,-,-,-,-,-,0
Embergard,4126,BL10,On the Edge,Universal,Objective,1,On the Edge,Universal,Objective,1,Score this in an end phase if any enemy fighters are vulnerable.,1,End,-,Blazing Assault Rivals Deck,-,VVV,N,-,-,-,-,-,-,0
Embergard,4127,BL11,Denial,Universal,Objective,1,Denial,Universal,Objective,1,Score this in an end phase if there are no enemy fighters in friendly territory.,1,End,-,Blazing Assault Rivals Deck,-,VVV,N,-,-,-,-,-,-,0
Embergard,4128,BL12,Annihilation,Universal,Objective,5,Annihilation,Universal,Objective,5,Score this in an end phase if each enemy fighter is slain.,5,End,-,Blazing Assault Rivals Deck,-,VVV,N,-,-,-,-,-,-,0
Embergard,4129,BL13,Determined Effort,Universal,Ploy,,Determined Effort,Universal,Ploy,-,":surge: Play this immediately after you pick a weapon as part of an Attack. That weapon has +1 Attack dice for that Attack. If you are the **underdog**, that weapon has +2 Attack dice for that Attack instead.",-,-,-,Blazing Assault Rivals Deck,-,VVV,N,-,-,-,-,-,-,0
Embergard,4130,BL14,Twist the Knife,Universal,Ploy,,Twist the Knife,Universal,Ploy,-,:surge: Play this immediately after you pick a melee weapon as part of an Attack. That weapon has **Grievous** for that Attack.,-,-,-,Blazing Assault Rivals Deck,-,VVV,N,-,-,-,-,-,-,0
Embergard,4131,BL15,Lure of Battle,Universal,Ploy,,Lure of Battle,Universal,Ploy,-,Pick 1 friendly fighter that is within 2 hexes of another fighter. Push the other fighter 1 hex closer to that friendly fighter.,-,-,-,Blazing Assault Rivals Deck,-,VVV,N,-,-,-,-,-,-,0
Embergard,4132,BL16,Sidestep,Universal,Ploy,,Sidestep,Universal,Ploy,-,Pick a friendly fighter. Push that fighter 1 hex.,-,-,-,Blazing Assault Rivals Deck,-,VVV,N,-,-,-,-,-,-,0
Embergard,4133,BL17,Commanding Stride,Universal,Ploy,,Commanding Stride,Universal,Ploy,-,Push your **leader** up to 3 hexes. That push must end in a starting hex.,-,-,-,Blazing Assault Rivals Deck,-,VVV,N,-,-,-,-,-,-,0
Embergard,4134,BL18,Illusory Fighter,Universal,Ploy,,Illusory Fighter,Universal,Ploy,-,"Pick a friendly fighter. Remove that fighter from the battlefield, and then place that fighter in an empty starting hex in friendly territory.",-,-,-,Blazing Assault Rivals Deck,-,VVV,N,-,-,-,-,-,-,0
Embergard,4135,BL19,Wings of War,Universal,Ploy,,Wings of War,Universal,Ploy,-,:surge: Play this immediately after you pick a fighter to Move. That fighter has +2 Move for that Move.,-,-,-,Blazing Assault Rivals Deck,-,VVV,N,-,-,-,-,-,-,0
Embergard,4136,BL20,Shields Up!,Universal,Ploy,,Shields Up!,Universal,Ploy,-,Pick a friendly fighter. Give that fighter a Guard token.,-,-,-,Blazing Assault Rivals Deck,-,VVV,N,-,-,-,-,-,-,0
Embergard,4137,BL21,Scream of Anger,Universal,Ploy,,Scream of Anger,Universal,Ploy,-,Pick a friendly fighter. Inflict 2 damage on that fighter and then remove 1 of that fighter's Move or Charge tokens.,-,-,-,Blazing Assault Rivals Deck,-,VVV,N,-,-,-,-,-,-,0
Embergard,4138,BL22,Healing Potion,Universal,Ploy,,Healing Potion,Universal,Ploy,-,"Pick a friendly fighter. Heal that fighter. If you are the **underdog**, you can roll a Save dice. On a :dfBlock: or :dfCrit:, heal that fighter again.",-,-,-,Blazing Assault Rivals Deck,-,VVV,N,-,-,-,-,-,-,0
Embergard,4139,BL23,Brawler,Universal,Upgrade,1,Brawler,Universal,Upgrade,1,This fighter cannot be Flanked or Surrounded.,1,-,-,Blazing Assault Rivals Deck,-,VVV,N,-,-,-,-,-,-,0
Embergard,4140,BL24,Hidden Aid,Universal,Upgrade,1,Hidden Aid,Universal,Upgrade,1,Enemy fighters adjacent to this fighter are Flanked.,1,-,-,Blazing Assault Rivals Deck,-,VVV,N,-,-,-,-,-,-,0
Embergard,4141,BL25,Accurate,Universal,Upgrade,1,Accurate,Universal,Upgrade,1,":surge: **Strike True:** After you make an Attack roll for this fighter, you can immediately re-roll 1 Attack dice in that Attack roll.",1,-,-,Blazing Assault Rivals Deck,-,VVV,N,-,-,-,-,-,-,0
Embergard,4142,BL26,Great Strength,Universal,Upgrade,2,Great Strength,Universal,Upgrade,2,This fighter's melee weapons have **Grievous**.,2,-,-,Blazing Assault Rivals Deck,-,VVV,N,-,-,-,-,-,-,0
Embergard,4143,BL27,Deadly Aim,Universal,Upgrade,1,Deadly Aim,Universal,Upgrade,1,This fighter's weapons have **Ensnare**.,1,-,-,Blazing Assault Rivals Deck,-,VVV,N,-,-,-,-,-,-,0
Embergard,4144,BL28,Sharpened Points,Universal,Upgrade,1,Sharpened Points,Universal,Upgrade,1,This fighter's weapons have **Cleave**.,1,-,-,Blazing Assault Rivals Deck,-,VVV,N,-,-,-,-,-,-,0
Embergard,4145,BL29,Duellist,Universal,Upgrade,1,Duellist,Universal,Upgrade,1,":surge: **Footwork:** Immediately after this fighter has Attacked, you can push this fighter 1 hex.",1,-,-,Blazing Assault Rivals Deck,-,VVV,N,-,-,-,-,-,-,0
Embergard,4146,BL30,Tough,Universal,Upgrade,2,Tough,Universal,Upgrade,2,No more than 3 damage can be inflicted on this fighter in the same turn.,2,-,-,Blazing Assault Rivals Deck,-,VVV,N,-,-,-,-,-,-,0
Embergard,4147,BL31,Great Fortitude,Universal,Upgrade,2,Great Fortitude,Universal,Upgrade,2,This fighter has +1 Health.,2,-,-,Blazing Assault Rivals Deck,-,VVV,N,-,-,-,-,-,-,0
Embergard,4148,BL32,Keen Eye,Universal,Upgrade,2,Keen Eye,Universal,Upgrade,2,This fighter's melee weapons have +1 Attack dice.,2,-,-,Blazing Assault Rivals Deck,-,VVV,N,-,-,-,-,-,-,0
Embergard,4149,ES1,Sally Forth,Universal,Objective,1,Sally Forth,Universal,Objective,1,Score this immediately after your opponent's Action step if a friendly fighter with any Charge tokens hold a treasure token in enemy territory.,1,Surge,-,Emberstone Sentinels Rivals Deck,-,VVV,N,-,-,-,-,-,-,0
Embergard,4150,ES2,Stand Firm,Universal,Objective,1,Stand Firm,Universal,Objective,1,Score this immediately after your opponent's Action step if a friendly fighter with any Stagger tokens holds a treasure token in enemy territory.,1,Surge,-,Emberstone Sentinels Rivals Deck,-,VVV,N,-,-,-,-,-,-,0
Embergard,4151,ES3,Step by Step,Universal,Objective,1,Step by Step,Universal,Objective,1,"Score this immediately after your opponent's Action step if a friendly fighter with any Move tokens holds a treasure token in enemy territory. If you are the **underdog**, that friendly fighter can have any Charge tokens instead.",1,Surge,-,Emberstone Sentinels Rivals Deck,-,VVV,N,-,-,-,-,-,-,0
Embergard,4152,ES4,Unassailable,Universal,Objective,1,Unassailable,Universal,Objective,1,Score this immediately after an enemy fighter's Attack if a friendly fighter holding a treasure token was the target of that Attack.,1,Surge,-,Emberstone Sentinels Rivals Deck,-,VVV,N,-,-,-,-,-,-,0
Embergard,4153,ES5,Aggressive Defender,Universal,Objective,1,Aggressive Defender,Universal,Objective,1,Score this immediately after a friendly fighter's Attack if the attacker is holding a treasure token.,1,Surge,-,Emberstone Sentinels Rivals Deck,-,VVV,N,-,-,-,-,-,-,0
Embergard,4154,ES6,Careful Advance,Universal,Objective,1,Careful Advance,Universal,Objective,1,Score this immediately after a friendly fighter Moves if 2 or more friendly fighters that have Move tokens are in enemy territory.,1,Surge,-,Emberstone Sentinels Rivals Deck,-,VVV,N,-,-,-,-,-,-,0
Embergard,4155,ES7,Hold Treasure Token 1 or 2,Universal,Objective,1,Hold Treasure Token 1 or 2,Universal,Objective,1,Score this in an end phase if a friendly fighter holds treasure token 1 or 2.,1,End,-,Emberstone Sentinels Rivals Deck,-,VVV,N,-,-,-,-,-,-,0
Embergard,4156,ES8,Hold Treasure Token 3 or 4,Universal,Objective,1,Hold Treasure Token 3 or 4,Universal,Objective,1,Score this in an end phase if a friendly fighter holds treasure token 3 or 4.,1,End,-,Emberstone Sentinels Rivals Deck,-,VVV,N,-,-,-,-,-,-,0
Embergard,4157,ES9,Hold Treasure Token 5,Universal,Objective,1,Hold Treasure Token 5,Universal,Objective,1,Score this in an end phase if a friendly fighter holds treasure token 5.,1,End,-,Emberstone Sentinels Rivals Deck,-,VVV,N,-,-,-,-,-,-,0
Embergard,4158,ES10,Slow Advance,Universal,Objective,2,Slow Advance,Universal,Objective,2,Score this in an end phase if your warband holds any treasure tokens in both neutral territory and enemy territory.,2,End,-,Emberstone Sentinels Rivals Deck,-,VVV,N,-,-,-,-,-,-,0
Embergard,4159,ES11,Iron Grasp,Universal,Objective,2,Iron Grasp,Universal,Objective,2,Score this in an end phase if your warband holds all of the treasure tokens in a friendly and/or enemy territory.,2,End,-,Emberstone Sentinels Rivals Deck,-,VVV,N,-,-,-,-,-,-,0
Embergard,4160,ES12,Supremacy,Universal,Objective,3,Supremacy,Universal,Objective,3,Score this in an end phase if 2 or more friendly fighters with a total Bounty characteristic of 3 or more hold treasure tokens.,3,End,-,Emberstone Sentinels Rivals Deck,-,VVV,N,-,-,-,-,-,-,0
Embergard,4161,ES13,Switch Things Up,Universal,Ploy,,Switch Things Up,Universal,Ploy,-,Pick 2 treasure tokens. Swap the positions of those treasure tokens.,-,-,-,Emberstone Sentinels Rivals Deck,-,VVV,N,-,-,-,-,-,-,0
Embergard,4162,ES14,Sidestep,Universal,Ploy,,Sidestep,Universal,Ploy,-,Pick a friendly fighter. Push that fighter 1 hex.,-,-,-,Emberstone Sentinels Rivals Deck,-,VVV,N,-,-,-,-,-,-,0
Embergard,4163,ES15,The Extra Mile,Universal,Ploy,,The Extra Mile,Universal,Ploy,-,:surge: Play this immediately after a friendly fighter Moves. Push that fighter 1 hex. That push must end on a feature token.,-,-,-,Emberstone Sentinels Rivals Deck,-,VVV,N,-,-,-,-,-,-,0
Embergard,4164,ES16,Settle In,Universal,Ploy,,Settle In,Universal,Ploy,-,Pick a friendly fighter on a feature token. Give that fighter a Guard token.,-,-,-,Emberstone Sentinels Rivals Deck,-,VVV,N,-,-,-,-,-,-,0
Embergard,4165,ES17,Healing Potion,Universal,Ploy,,Healing Potion,Universal,Ploy,-,"Pick a friendly fighter. Heal that fighter. If you are the **underdog**, you can roll a Save dice. On a :dfBlock: or :dfCrit:, heal that fighter again.",-,-,-,Emberstone Sentinels Rivals Deck,-,VVV,N,-,-,-,-,-,-,0
Embergard,4166,ES18,Hidden Paths,Universal,Ploy,,Hidden Paths,Universal,Ploy,-,"Pick a friendly fighter in an edge hex. Remove that fighter from the battlefield, and then place that fighter in a different empty edge hex. Then, give that fighter a Move token, unless you are the **underdog**.",-,-,-,Emberstone Sentinels Rivals Deck,-,VVV,N,-,-,-,-,-,-,0
Embergard,4167,ES19,Confusion,Universal,Ploy,,Confusion,Universal,Ploy,-,Pick 2 adjacent fighters. Remove those fighters from the battlefield and then place each in the hex the other was removed from.,-,-,-,Emberstone Sentinels Rivals Deck,-,VVV,N,-,-,-,-,-,-,0
Embergard,4168,ES20,Hold the Line!,Universal,Ploy,,Hold the Line!,Universal,Ploy,-,Fighters cannot be driven back. This effect persists until the end of the next Action step.,-,-,-,Emberstone Sentinels Rivals Deck,-,VVV,N,-,-,-,-,-,-,0
Embergard,4169,ES21,Shoulder Throw,Universal,Ploy,,Shoulder Throw,Universal,Ploy,-,":surge: Play this immediately after a friendly fighter's successful Attack if the target is adjacent. Remove the target from the battlefield, and then place them in a different empty hex adjacent to the attacker.",-,-,-,Emberstone Sentinels Rivals Deck,-,VVV,N,-,-,-,-,-,-,0
Embergard,4170,ES22,By the Numbers,Universal,Ploy,,By the Numbers,Universal,Ploy,-,Draw a number of Power cards equal to the number of treasure tokens held by your warband.,-,-,-,Emberstone Sentinels Rivals Deck,-,VVV,N,-,-,-,-,-,-,0
Embergard,4171,ES23,Stubborn to the End,Universal,Upgrade,1,Stubborn to the End,Universal,Upgrade,1,"If this fighter is the target of an Attack, the attacker cannot use Overrun.",1,-,-,Emberstone Sentinels Rivals Deck,-,VVV,N,-,-,-,-,-,-,0
Embergard,4172,ES24,Inviolate,Universal,Upgrade,1,Inviolate,Universal,Upgrade,1,This fighter cannot be Flanked or Surrounded while they hold a treasure token.,1,-,-,Emberstone Sentinels Rivals Deck,-,VVV,N,-,-,-,-,-,-,0
Embergard,4173,ES25,Great Speed,Universal,Upgrade,0,Great Speed,Universal,Upgrade,0,This fighter has +1 Move.,0,-,-,Emberstone Sentinels Rivals Deck,-,VVV,N,-,-,-,-,-,-,0
Embergard,4174,ES26,Sharp Reflexes,Universal,Upgrade,2,Sharp Reflexes,Universal,Upgrade,2,"This fighter has +1 Save, to a maximum of 2.",2,-,-,Emberstone Sentinels Rivals Deck,-,VVV,N,-,-,-,-,-,-,0
Embergard,4175,ES27,Brute Momentum,Universal,Upgrade,1,Brute Momentum,Universal,Upgrade,1,This fighter cannot be driven back while they have any Charge tokens.,1,-,-,Emberstone Sentinels Rivals Deck,-,VVV,N,-,-,-,-,-,-,0
Embergard,4176,ES28,Agile,Universal,Upgrade,2,Agile,Universal,Upgrade,2,":surge: **Deft:** After you make a Save roll for this fighter, you can immediately re-roll 1 Save dice in that Save roll.",2,-,-,Emberstone Sentinels Rivals Deck,-,VVV,N,-,-,-,-,-,-,0
Embergard,4177,ES29,Duellist,Universal,Upgrade,1,Duellist,Universal,Upgrade,1,":surge: **Footwork:** Immediately after this fighter has Attacked, you can push this fighter 1 hex.",1,-,-,Emberstone Sentinels Rivals Deck,-,VVV,N,-,-,-,-,-,-,0
Embergard,4178,ES30,Great Fortitude,Universal,Upgrade,2,Great Fortitude,Universal,Upgrade,2,This fighter has +1 Health.,2,-,-,Emberstone Sentinels Rivals Deck,-,VVV,N,-,-,-,-,-,-,0
Embergard,4179,ES31,Keen Eye,Universal,Upgrade,2,Keen Eye,Universal,Upgrade,2,This fighter's melee weapons have +1 Attack dice.,2,-,-,Emberstone Sentinels Rivals Deck,-,VVV,N,-,-,-,-,-,-,0
Embergard,4180,ES32,Great Strength,Universal,Upgrade,2,Great Strength,Universal,Upgrade,2,This fighter's melee weapons have **Grievous**.,2,-,-,Emberstone Sentinels Rivals Deck,-,VVV,N,-,-,-,-,-,-,0
Embergard,4181,PL1,Broken Prospects,Universal,Objective,2,Broken Prospects,Universal,Objective,2,Score this in an end phase if 3 or more different treasure tokens were Delved by your warband this battle round or if a treasure token held by an enemy fighter at the start of the battle round was Delved by your warband this battle round.,2,End,-,Pillage and Plunder Rivals Deck,-,VVV,N,-,-,-,-,-,-,0
Embergard,4182,PL2,Against the Odds,Universal,Objective,1,Against the Odds,Universal,Objective,1,Score this in an end phase if an odd-numbered treasure token was Delved by your warband this battle round.,1,End,-,Pillage and Plunder Rivals Deck,-,VVV,N,-,-,-,-,-,-,0
Embergard,4183,PL3,Lost in the Depths,Universal,Objective,1,Lost in the Depths,Universal,Objective,1,Score this in an end phase if no friendly fighters are adjacent and any friendly fighters are not slain.,1,End,-,Pillage and Plunder Rivals Deck,-,VVV,N,-,-,-,-,-,-,0
Embergard,4184,PL4,Desolate Homeland,Universal,Objective,1,Desolate Homeland,Universal,Objective,1,Score this in an end phase if there are 1 or fewer treasure tokens in friendly territory.,1,End,-,Pillage and Plunder Rivals Deck,-,VVV,N,-,-,-,-,-,-,0
Embergard,4185,PL5,Torn Landscape,Universal,Objective,2,Torn Landscape,Universal,Objective,2,Score this in an end phase if there are 2 or fewer treasure tokens on the battlefield.,2,End,-,Pillage and Plunder Rivals Deck,-,VVV,N,-,-,-,-,-,-,0
Embergard,4186,PL6,Strip the Realm,Universal,Objective,3,Strip the Realm,Universal,Objective,3,Score this in an end phase if there are no treasure tokens on the battlefield or if no enemy fighters hold any treasure tokens.,3,End,-,Pillage and Plunder Rivals Deck,-,VVV,N,-,-,-,-,-,-,0
Embergard,4187,PL7,Aggressive Claimant,Universal,Objective,1,Aggressive Claimant,Universal,Objective,1,"Score this immediately after a friendly fighter's successful Attack if the target was in neutral territory, or the target was holding a treasure token when you picked them to be the target of that Attack and is no longer holding that treasure token.",1,Surge,-,Pillage and Plunder Rivals Deck,-,VVV,N,-,-,-,-,-,-,0
Embergard,4188,PL8,Claim the Prize,Universal,Objective,1,Claim the Prize,Universal,Objective,1,"Score this immediately after a friendly fighter Delves in enemy territory. If you are the **underdog**, that Delve can be in friendly territory instead.",1,Surge,-,Pillage and Plunder Rivals Deck,-,VVV,N,-,-,-,-,-,-,0
Embergard,4189,PL9,Delving for Wealth,Universal,Objective,1,Delving for Wealth,Universal,Objective,1,Score this immediately after your warband Delves for the third or subsequent time this combat phase.,1,Surge,-,Pillage and Plunder Rivals Deck,-,VVV,N,-,-,-,-,-,-,0
Embergard,4190,PL10,Share the Load,Universal,Objective,1,Share the Load,Universal,Objective,1,"Score this immediately after a friendly fighter Moves, if that fighter and any other friendly fighters are each on feature tokens.",1,Surge,-,Pillage and Plunder Rivals Deck,-,VVV,N,-,-,-,-,-,-,0
Embergard,4191,PL11,Hostile Takeover,Universal,Objective,1,Hostile Takeover,Universal,Objective,1,Score this immediately after the second or subsequent Attack made by your warband that was not part of a Charge.,1,Surge,-,Pillage and Plunder Rivals Deck,-,VVV,N,-,-,-,-,-,-,0
Embergard,4192,PL12,Careful Survey,Universal,Objective,1,Careful Survey,Universal,Objective,1,Score this immediately after an Action step if there is a friendly fighter in each territory.,1,Surge,-,Pillage and Plunder Rivals Deck,-,VVV,N,-,-,-,-,-,-,0
Embergard,4193,PL13,Sidestep,Universal,Ploy,,Sidestep,Universal,Ploy,-,Pick a friendly fighter. Push that fighter 1 hex.,-,-,-,Pillage and Plunder Rivals Deck,-,VVV,N,-,-,-,-,-,-,0
Embergard,4194,PL14,Prideful Duellist,Universal,Ploy,,Prideful Duellist,Universal,Ploy,-,:surge: Play this immediately after a friendly fighter's Attack if the attacker is in enemy territory. Heal the attacker.,-,-,-,Pillage and Plunder Rivals Deck,-,VVV,N,-,-,-,-,-,-,0
Embergard,4195,PL15,Commanding Stride,Universal,Ploy,,Commanding Stride,Universal,Ploy,-,Push your **leader** up to 3 hexes. That push must end in a starting hex.,-,-,-,Pillage and Plunder Rivals Deck,-,VVV,N,-,-,-,-,-,-,0
Embergard,4196,PL16,Crumbling Mine,Universal,Ploy,,Crumbling Mine,Universal,Ploy,-,Pick a treasure token that is not held. Flip that treasure token.,-,-,-,Pillage and Plunder Rivals Deck,-,VVV,N,-,-,-,-,-,-,0
Embergard,4197,PL17,Explosive Charges,Universal,Ploy,,Explosive Charges,Universal,Ploy,-,**Domain:** Friendly fighters have +1 Move while using Charge abilities. This effect persists until the end of the battle round or until another Domain card is played.,-,-,-,Pillage and Plunder Rivals Deck,-,VVV,N,-,-,-,-,-,-,0
Embergard,4198,PL18,Wary Delver,Universal,Ploy,,Wary Delver,Universal,Ploy,-,Pick a friendly fighter with any Charge tokens. Give that fighter a Guard token.,-,-,-,Pillage and Plunder Rivals Deck,-,VVV,N,-,-,-,-,-,-,0
Embergard,4199,PL19,Brash Scout,Universal,Ploy,,Brash Scout,Universal,Ploy,-,":surge: Play this immediately after you make an Attack roll for a fighter in enemy territory. Re-roll 1 dice in that Attack roll. If you are the **underdog**, you can re-roll each dice in that Attack roll instead.",-,-,-,Pillage and Plunder Rivals Deck,-,VVV,N,-,-,-,-,-,-,0
Embergard,4200,PL20,Sudden Blast,Universal,Ploy,,Sudden Blast,Universal,Ploy,-,Pick an enemy fighter adjacent to a friendly fighter. Give that enemy fighter a Stagger token.,-,-,-,Pillage and Plunder Rivals Deck,-,VVV,N,-,-,-,-,-,-,0
Embergard,4201,PL21,Tunnelling Terror,Universal,Ploy,,Tunnelling Terror,Universal,Ploy,-,"Pick a friendly fighter with no Move or Charge tokens. Remove that fighter from the battlefield, and then place that fighter in an empty stagger hex. Then, give that fighter a Charge token. If you are the **underdog**, you can give that fighter a Move token instead.",-,-,-,Pillage and Plunder Rivals Deck,-,VVV,N,-,-,-,-,-,-,0
Embergard,4202,PL22,Trapped Cache,Universal,Ploy,,Trapped Cache,Universal,Ploy,-,Pick an undamaged enemy fighter within 1 hex of a treasure token. Inflict 1 damage ok that fighter.,-,-,-,Pillage and Plunder Rivals Deck,-,VVV,N,-,-,-,-,-,-,0
Embergard,4203,PL23,Great Speed,Universal,Upgrade,0,Great Speed,Universal,Upgrade,0,This fighter have +1 Move.,0,-,-,Pillage and Plunder Rivals Deck,-,VVV,N,-,-,-,-,-,-,0
Embergard,4204,PL24,Swift Step,Universal,Upgrade,1,Swift Step,Universal,Upgrade,1,":surge: **Quick:** Immediately after this fighter has Charged, you can push this fighter 1 hex.",1,-,-,Pillage and Plunder Rivals Deck,-,VVV,N,-,-,-,-,-,-,0
Embergard,4205,PL25,Burrowing Strike,Universal,Upgrade,1,Burrowing Strike,Universal,Upgrade,1,**Melee Attack action** \n [:Hex: 2 - :atFury: 2 - :boom: 2] \n This weapon has +1 Attack dice while this fighter has any Stagger tokens or is on a feature token.,1,-,-,Pillage and Plunder Rivals Deck,-,VVV,N,-,-,-,-,-,-,0
Embergard,4206,PL26,Tough Enough,Universal,Upgrade,1,Tough Enough,Universal,Upgrade,1,"While this fighter is in enemy territory, Save rolls for this fighter cannot be affected by **Cleave** and **Ensnare**.",1,-,-,Pillage and Plunder Rivals Deck,-,VVV,N,-,-,-,-,-,-,0
Embergard,4207,PL27,Canny Sapper,Universal,Upgrade,0,Canny Sapper,Universal,Upgrade,0,":surge: **Sneaky:** Immediately after you play a Ploy in a Power step, you can remove this fighter from the battlefield. Place this fighter in an empty stagger hex or in an empty starting hex in friendly territory, and then discard this card.",0,-,-,Pillage and Plunder Rivals Deck,-,VVV,N,-,-,-,-,-,-,0
Embergard,4208,PL28,Impossibly Quick,Universal,Upgrade,1,Impossibly Quick,Universal,Upgrade,1,This fighter has +1 Save. \n Immediately discard this Upgrade after an enemy fighter's failed Attack if this fighter was the target.,1,-,-,Pillage and Plunder Rivals Deck,-,VVV,N,-,-,-,-,-,-,0
Embergard,4209,PL29,Linebreaker,Universal,Upgrade,1,Linebreaker,Universal,Upgrade,1,This fighter's weapons have **Brutal**.,1,-,-,Pillage and Plunder Rivals Deck,-,VVV,N,-,-,-,-,-,-,0
Embergard,4210,PL30,Excavating Blast,Universal,Upgrade,1,Excavating Blast,Universal,Upgrade,1,**Ranged Attack action** \n [:Hex: 3 - :atSmash: 2 - :boom: 1] \n This weapon has **Stagger** while this fighter is in enemy territory.,1,-,-,Pillage and Plunder Rivals Deck,-,VVV,N,-,-,-,-,-,-,0
Embergard,4211,PL31,Gloryseeker,Universal,Upgrade,1,Gloryseeker,Universal,Upgrade,1,This fighter's melee weapons have **Grievous** if the target has a Health characteristic of 4 or more.,1,-,-,Pillage and Plunder Rivals Deck,-,VVV,N,-,-,-,-,-,-,0
Embergard,4212,PL32,Frenzy of Greed,Universal,Upgrade,2,Frenzy of Greed,Universal,Upgrade,2,"While this fighter is on a treasure token in enemy territory or is in a stagger hex, Save rolls for this fighter are not affected by **Cleave** and **Ensnare** and this fighter cannot be given Stagger tokens.",2,-,-,Pillage and Plunder Rivals Deck,-,VVV,N,-,-,-,-,-,-,0
Embergard,4213,CC1,Spread Havoc,Universal,Objective,*,Spread Havoc,Universal,Objective,*,"Score this in an end phase. Gain a number of Glory points equal to your Cataclysm value, to a maximum of 2.",*,End,-,Countdown to Cataclysm Rivals Deck,-,VVV,N,-,-,-,-,-,-,0
Embergard,4214,CC2,Hounds of War,Universal,Objective,1,Hounds of War,Universal,Objective,1,Score this in an end phase if 2 or more enemy fighters are slain and/or damaged and any of those fighters were slain in the preceding combat phase.,1,End,-,Countdown to Cataclysm Rivals Deck,-,VVV,N,-,-,-,-,-,-,0
Embergard,4215,CC3,Set Explosives,Universal,Objective,2,Set Explosives,Universal,Objective,2,Score this in an end phase if your warband holds 2 or more treasure tokens and holds all of the treasure tokens in any territories.,2,End,-,Countdown to Cataclysm Rivals Deck,-,VVV,N,-,-,-,-,-,-,0
Embergard,4216,CC4,Wreckers,Universal,Objective,2,Wreckers,Universal,Objective,2,Score this in an end phase if the number of damaged and/or slain enemy fighters is greater than your Cataclysm value.,2,End,-,Countdown to Cataclysm Rivals Deck,-,VVV,N,-,-,-,-,-,-,0
Embergard,4217,CC5,Uneven Contest,Universal,Objective,2,Uneven Contest,Universal,Objective,2,Score this in an end phase if your warband holds each odd-numbered treasure token.,2,End,-,Countdown to Cataclysm Rivals Deck,-,VVV,N,-,-,-,-,-,-,0
Embergard,4218,CC6,Loaded for Bear,Universal,Objective,1,Loaded for Bear,Universal,Objective,1,Score this in an end phase if any friendly fighters are each equipped with 3 or more Upgrades.,1,End,-,Countdown to Cataclysm Rivals Deck,-,VVV,N,-,-,-,-,-,-,0
Embergard,4219,CC7,Collateral Damage,Universal,Objective,1,Collateral Damage,Universal,Objective,1,"Score this immediately after you advance your Cataclysm tracker 1 step as a result of a friendly fighter being slain. If you are the **underdog**, score this after you advance your Cataclysm tracker 1 step for any reason instead.",1,Surge,-,Countdown to Cataclysm Rivals Deck,-,VVV,N,-,-,-,-,-,-,0
Embergard,4220,CC8,Too Close for Comfort,Universal,Objective,1,Too Close for Comfort,Universal,Objective,1,Score this immediately after your opponent's Power step if each friendly fighter is within 2 hexes of any enemy fighters.,1,Surge,-,Countdown to Cataclysm Rivals Deck,-,VVV,N,-,-,-,-,-,-,0
Embergard,4221,CC9,Shocking Assault,Universal,Objective,1,Shocking Assault,Universal,Objective,1,Score this immediately after your opponent's Action step if your warband holds all of the treasure tokens in neutral territory.,1,Surge,-,Countdown to Cataclysm Rivals Deck,-,VVV,N,-,-,-,-,-,-,0
Embergard,4222,CC10,Nowhere to Run,Universal,Objective,1,Nowhere to Run,Universal,Objective,1,Score this immediately after an Action step if all friendly fighters have Move and/or Charge tokens and there is a friendly fighter in each territory.,1,Surge,-,Countdown to Cataclysm Rivals Deck,-,VVV,N,-,-,-,-,-,-,0
Embergard,4223,CC11,The Perfect Cut,Universal,Objective,1,The Perfect Cut,Universal,Objective,1,Score this immediately after a friendly fighter's successful melee Attack if no result in the target's Save roll was a success.,1,Surge,-,Countdown to Cataclysm Rivals Deck,-,VVV,N,-,-,-,-,-,-,0
Embergard,4224,CC12,Overwhelming Force,Universal,Objective,1,Overwhelming Force,Universal,Objective,1,Score this immediately after a friendly fighter's successful melee Attack if the Attack roll contained 4 or more dice.,1,Surge,-,Countdown to Cataclysm Rivals Deck,-,VVV,N,-,-,-,-,-,-,0
Embergard,4225,CC13,Savage Blow,Universal,Ploy,,Savage Blow,Universal,Ploy,-,:surge: Play this immediately after you pick a weapon as part of an Attack. Rolls of :atSup2: count as successes for that Attack.,-,-,-,Countdown to Cataclysm Rivals Deck,-,VVV,N,-,-,-,-,-,-,0
Embergard,4226,CC14,The End is Nigh,Universal,Ploy,,The End is Nigh,Universal,Ploy,-,"**Domain:** After each Action step, the player whose turn it is rolls a number of Attack dice equal to their Cataclysm value, or 1 Attack dice if they have no such value. \n If the roll contains any :atFury: or :atCrit:, their opponent must discard a Power card. This effect persists until the end of the battle round, until another Domain card is played, or until you advance your Cataclysm tracker.",-,-,-,Countdown to Cataclysm Rivals Deck,-,VVV,N,-,-,-,-,-,-,0
Embergard,4227,CC15,Growing Concerns,Universal,Ploy,,Growing Concerns,Universal,Ploy,-,"Enemy fighters have -X Move in the next Action step, where X is your Cataclysm value.",-,-,-,Countdown to Cataclysm Rivals Deck,-,VVV,N,-,-,-,-,-,-,0
Embergard,4228,CC16,Total Collapse,Universal,Ploy,,Total Collapse,Universal,Ploy,-,"Roll a number of Attack dice equal to your Cataclysm value. If the roll contains :atFury: or :atCrit:, pick a fighter. \n Inflict 1 damage on that fighter. If you picked a friendly fighter, you can inflict damage on that fighter up to your Cataclysm value instead.",-,-,-,Countdown to Cataclysm Rivals Deck,-,VVV,N,-,-,-,-,-,-,0
Embergard,4229,CC17,Violent Blast,Universal,Ploy,,Violent Blast,Universal,Ploy,-,Pick a stagger hex. Push each fighter within 1 hex of that stagger hex 1 hex.,-,-,-,Countdown to Cataclysm Rivals Deck,-,VVV,N,-,-,-,-,-,-,0
Embergard,4230,CC18,Sunder the Realm,Universal,Ploy,,Sunder the Realm,Universal,Ploy,-,"Roll a number of Attack dice equal to your Cataclysm value for each fighter within 1 hex of neutral territory. \n If the roll contains any :atSmash: or :atCrit:, inflict 1 damage on that fighter.",-,-,-,Countdown to Cataclysm Rivals Deck,-,VVV,N,-,-,-,-,-,-,0
Embergard,4231,CC19,Raging Tremors,Universal,Ploy,,Raging Tremors,Universal,Ploy,-,Pick a number of enemy fighters up to your Cataclysm value. Give each of those fighters a Stagger token.,-,-,-,Countdown to Cataclysm Rivals Deck,-,VVV,N,-,-,-,-,-,-,0
Embergard,4232,CC20,Counter-charge,Universal,Ploy,,Counter-charge,Universal,Ploy,-,:surge: Play this immediately after a friendly fighter is picked to be the target of an Attack. Pick another friendly fighter. Push that fighter up to 3 hexes. That push must end adjacent to the attacker.,-,-,-,Countdown to Cataclysm Rivals Deck,-,VVV,N,-,-,-,-,-,-,0
Embergard,4233,CC21,Do or Die,Universal,Ploy,,Do or Die,Universal,Ploy,-,"Pick a friendly fighter. Inspire that fighter. This effect persists for X Action steps where X is your Cataclysm value. After that effect ends, do not discard this card. Instead, Uninspire that fighter. That fighter cannot be Inspired again. This effect persists until the end of the game.",-,-,-,Countdown to Cataclysm Rivals Deck,-,VVV,N,-,-,-,-,-,-,0
Embergard,4234,CC22,Improvised Attack,Universal,Ploy,,Improvised Attack,Universal,Ploy,-,"Pick a friendly fighter. That fighter immediately Attacks with the following weapon, where X is your Cataclysm value. \n **Ranged Attack action** \n [:Hex: 3 - :atSmash: X - :boom: 1] \n This weapon cannot be modified.",-,-,-,Countdown to Cataclysm Rivals Deck,-,VVV,N,-,-,-,-,-,-,0
Embergard,4235,CC23,Bringer of Doom,Universal,Upgrade,1,Bringer of Doom,Universal,Upgrade,1,"**Tick Tock:** After this card is discarded during a Combat Phase, you can immediately advance your Cataclysm tracker 1 step.",1,-,-,Countdown to Cataclysm Rivals Deck,-,VVV,N,-,-,-,-,-,-,0
Embergard,4236,CC24,Visions of Ruin,Universal,Upgrade,1,Visions of Ruin,Universal,Upgrade,1,"This fighter has +X Move, where X is your cataclysm value. \n Immediately after this fighter Moves, give this fighter a Stagger token.",1,-,-,Countdown to Cataclysm Rivals Deck,-,VVV,N,-,-,-,-,-,-,0
Embergard,4237,CC25,Extinction's Edge,Universal,Upgrade,1,Extinction's Edge,Universal,Upgrade,1,":surge: **Ever Closer:** Immediately advance your Cataclysm tracker 1 step after an enemy fighter is slain by this fighter. Then, if your Cataclysm value is 2 or greater, discard this card.",1,-,-,Countdown to Cataclysm Rivals Deck,-,VVV,N,-,-,-,-,-,-,0
Embergard,4238,CC26,Driven by Pain,Universal,Upgrade,1,Driven by Pain,Universal,Upgrade,1,":surge: **Insensate:** Immediately after this fighter is driven back, you can heal this fighter.",1,-,-,Countdown to Cataclysm Rivals Deck,-,VVV,N,-,-,-,-,-,-,0
Embergard,4239,CC27,Inescapable Grasp,Universal,Upgrade,1,Inescapable Grasp,Universal,Upgrade,1,This fighter's melee weapons have **Ensnare**.,1,-,-,Countdown to Cataclysm Rivals Deck,-,VVV,N,-,-,-,-,-,-,0
Embergard,4240,CC28,Utter Conviction,Universal,Upgrade,1,Utter Conviction,Universal,Upgrade,1,"This fighter's Save characteristic is X, where X is your Cataclysm value, and cannot be modified further.",1,-,-,Countdown to Cataclysm Rivals Deck,-,VVV,N,-,-,-,-,-,-,0
Embergard,4241,CC29,Burnt Out,Universal,Upgrade,1,Burnt Out,Universal,Upgrade,1,":core: **Smoulder:** Pick a friendly fighter. Give that fighter a Stagger token. Then, draw 2 Power cards. If you are the **underdog**, draw 3 Power cards instead.",1,-,-,Countdown to Cataclysm Rivals Deck,-,VVV,N,-,-,-,-,-,-,0
Embergard,4242,CC30,Great Fortitude,Universal,Upgrade,2,Great Fortitude,Universal,Upgrade,2,This fighter has +1 Health.,2,-,-,Countdown to Cataclysm Rivals Deck,-,VVV,N,-,-,-,-,-,-,0
Embergard,4243,CC31,Hurled Weapon,Universal,Upgrade,1,Hurled Weapon,Universal,Upgrade,1,**Ranged Attack action** \n [:Hex: 3 - :atSmash: 2 - :boom: 1 -(:atCrit: **Cleave**)-],1,-,-,Countdown to Cataclysm Rivals Deck,-,VVV,N,-,-,-,-,-,-,0
Embergard,4244,CC32,Desperate Rage,Universal,Upgrade,1,Desperate Rage,Universal,Upgrade,1,"**Melee Attack action** \n [:Hex: 1 - :atSmash: 2 - :boom: 3] \n Immediately after this fighter has Attacked with this weapon, inflict 1 damage on this fighter.",1,-,-,Countdown to Cataclysm Rivals Deck,-,VVV,N,-,-,-,-,-,-,0
Embergard,4245,RF1,Aim for the Top,Universal,Objective,1,,,,,Score this in an end phase if the total Bounty characteristic of slain and/or damaged enemy fighters is 4 or more.,1,End,-,Reckless Fury Rivals Deck,-,VVV,N,,,,,-,-,0
Embergard,4246,RF2,Arena Mortis,Universal,Objective,2,,,,,Score this in an end phase if all fighters in the same territory have Charge tokens and their total Bounty characteristic is 4 or more.,2,End,-,Reckless Fury Rivals Deck,-,VVV,N,,,,,-,-,0
Embergard,4247,RF3,Best Foot Forward,Universal,Objective,1,,,,,Score this immediately after a friendly fighter's successful Attack if that fighter has any Charge tokens and is in enemy territory.,1,Surge,-,Reckless Fury Rivals Deck,-,VVV,N,,,,,-,-,0
Embergard,4248,RF4,Bloodbathed Rampager,Universal,Objective,1,,,,,Score this in an end phase if a friendly fighter has 2 or more Charge tokens.,1,End,-,Reckless Fury Rivals Deck,-,VVV,N,,,,,-,-,0
Embergard,4249,RF5,Bloody Momentum,Universal,Objective,2,,,,,Score this in an end phase if 2 or more friendly fighters with a total Bounty characteristic of 4 or more have Charge tokens and are in enemy territory.,2,End,-,Reckless Fury Rivals Deck,-,VVV,N,,,,,-,-,0
Embergard,4250,RF6,Frenzied Rush,Universal,Objective,1,,,,,Score this immediately after an Action step if friendly fighters with a total Bounty characteristic of 3 or more have Charge tokens and are in enemy territory.,1,Surge,-,Reckless Fury Rivals Deck,-,VVV,N,,,,,-,-,0
Embergard,4251,RF7,Living Bludgeon,Universal,Objective,1,,,,,Score this immediately after an Action step if a friendly fighter has a Guard token and a Charge token and is not in friendly territory.,1,End,-,Reckless Fury Rivals Deck,-,VVV,N,,,,,-,-,0
Embergard,4252,RF8,Red Aftermath,Universal,Objective,1,,,,,Score this in an end phase if the total Bounty characteristic of slain enemy fighters is 2 or more.,1,End,-,Reckless Fury Rivals Deck,-,VVV,N,,,,,-,-,0
Embergard,4253,RF9,Sally Forth,Universal,Objective,1,,,,,Score this immediately after your opponent's Action step if a friendly fighter with any Charge tokens holds a treasure token in enemy territory.,1,Surge,-,Reckless Fury Rivals Deck,-,VVV,N,,,,,-,-,0
Embergard,4254,RF10,Savage Sprinter,Universal,Objective,1,,,,,Score this immediately after an Action step if a friendly fighter in enemy territory has 2 or more Move tokens.,1,End,-,Reckless Fury Rivals Deck,-,VVV,N,,,,,-,-,0
Embergard,4255,RF11,Unrelenting Massacre,Universal,Objective,3,,,,,Score this in an end phase if all fighters have Charge tokens.,3,End,-,Reckless Fury Rivals Deck,-,VVV,N,,,,,-,-,0
Embergard,4256,RF12,Vicious Brawl,Universal,Objective,1,,,,,"Score this immediately after an Action step if there are 3 or more fighters with Charge tokens adjacent to each other. If you are the **underdog**, there can be 2 or more fighters instead.",1,Surge,-,Reckless Fury Rivals Deck,-,VVV,N,,,,,-,-,0
Embergard,4257,RF13,Braced,Universal,Ploy,,,,,,Pick a friendly fighter. Give that fighter a Charge token.,-,-,-,Reckless Fury Rivals Deck,-,VVV,N,,,,,-,-,0
Embergard,4258,RF14,Catch Weapon,Universal,Ploy,,,,,,:surge: Play this immediately after a fighter's successful Attack. Give that fighter a Charge token.,-,-,-,Reckless Fury Rivals Deck,-,VVV,N,,,,,-,-,0
Embergard,4259,RF15,Diving In,Universal,Ploy,,,,,,Pick a friendly fighter. Push that fighter up to 2 hexes. That push must end adjacent to any fighters with Charge tokens.,-,-,-,Reckless Fury Rivals Deck,-,VVV,N,,,,,-,-,0
Embergard,4260,RF16,Get It Done,Universal,Ploy,,,,,,Pick 2 friendly fighters. Remove a Charge token from 1 of those fighters and then give the other fighter a Charge token.,-,-,-,Reckless Fury Rivals Deck,-,VVV,N,,,,,-,-,0
Embergard,4261,RF17,Lost Legacy,Universal,Ploy,,,,,,":surge: Play this immediately after you discard a slain friendly fighter's Upgrades. Pick 1 of those Upgrades, put it in your hand then draw 1 Power card.",-,-,-,Reckless Fury Rivals Deck,-,VVV,N,,,,,-,-,0
Embergard,4262,RF18,Outburst,Universal,Ploy,,,,,,"Pick a friendly fighter with any Charge tokens. Roll an Attack dice for each enemy fighter adjacent to them. If you are the **underdog**, roll a number of dice equal to the battle round number instead. If the roll contains any :atSmash:, inflict 1 damage on that fighter.",-,-,-,Reckless Fury Rivals Deck,-,VVV,N,,,,,-,-,0
Embergard,4263,RF19,Over to You,Universal,Ploy,,,,,,":surge: Play this immediately before removing a slain friendly fighter's tokens if that fighter was slain by an attacker and had any Move, Charge, Guard and/or Stagger tokens. Pick a friendly fighter or the attacker. Give the fighter you picked all of the slain fighter's Move, Charge, Guard and Stagger tokens.",-,-,-,Reckless Fury Rivals Deck,-,VVV,N,,,,,-,-,0
Embergard,4264,RF20,Push Through,Universal,Ploy,,,,,,"Pick a friendly fighter with a Bounty characteristic of 2 or less. Inflict 1 damage on that fighter. In your next Action step, that fighter can use Core abilities as if they did not have any Move or Charge tokens.",-,-,-,Reckless Fury Rivals Deck,-,VVV,N,,,,,-,-,0
Embergard,4265,RF21,Quick Shift,Universal,Ploy,,,,,,Pick a friendly fighter that has any Move tokens. Remove 1 of that fighter's Move tokens and then give that fighter a Charge token.,-,-,-,Reckless Fury Rivals Deck,-,VVV,N,,,,,-,-,0
Embergard,4266,RF22,Reckless Attitudes,Universal,Ploy,,,,,,Enemy fighters cannot use Core abilities other than the Charge ability in the next Action step.,-,-,-,Reckless Fury Rivals Deck,-,VVV,N,,,,,-,-,0
Embergard,4267,RF23,Bellowing Tyrant,Universal,Upgrade,1,,,,,":core: **Bellow:** This fighter can use this Core ability if they have any Charge tokens. Push each other friendly fighter with any Charge tokens up to 2 hexes. Then, pick 1 of those fighters. Remove 1 of that fighter's Charge tokens.",1,-,-,Reckless Fury Rivals Deck,-,VVV,N,,,,,-,-,0
Embergard,4268,RF24,Bladecatcher,Universal,Upgrade,1,,,,,"While this fighter is the target of an Attack, the attacker cannot use Weapon abilities.",1,-,-,Reckless Fury Rivals Deck,-,VVV,N,,,,,-,-,0
Embergard,4269,RF25,Blades of Wrath,Universal,Upgrade,1,,,,,"If this fighter is slain, before removing them from the battlefield, roll a number of Attack dice equal to the battle round number for each enemy fighter adjacent to them. If the roll contains any :atSmash:, inflict 1 damage on that fighter.",1,-,-,Reckless Fury Rivals Deck,-,VVV,N,,,,,-,-,0
Embergard,4270,RF26,Furious Might,Universal,Upgrade,1,,,,,This fighter's melee weapons have **Grievous** while this fighter has any Charge tokens and is not using the Charge ability.,1,-,-,Reckless Fury Rivals Deck,-,VVV,N,,,,,-,-,0
Embergard,4271,RF27,Fury of Aqshy,Universal,Upgrade,1,,,,,Fighters adjacent to this fighter cannot use Core abilities other than the Charge ability.,1,-,-,Reckless Fury Rivals Deck,-,VVV,N,,,,,-,-,0
Embergard,4272,RF28,Headcase,Universal,Upgrade,0,,,,,"If this fighter has no Charge tokens, instead of playing a Power card in a Power step, you can give this fighter a Charge token.",0,-,-,Reckless Fury Rivals Deck,-,VVV,N,,,,,-,-,0
Embergard,4273,RF29,Headlong Charge,Universal,Upgrade,0,,,,,This fighter has +2 Move while using the Charge ability.,0,-,-,Reckless Fury Rivals Deck,-,VVV,N,,,,,-,-,0
Embergard,4274,RF30,Keen Eye,Universal,Upgrade,2,,,,,This fighter's melee weapons have +1 Attack dice.,2,-,-,Reckless Fury Rivals Deck,-,VVV,N,,,,,-,-,0
Embergard,4275,RF31,Still Swinging,Universal,Upgrade,1,,,,,This fighter's melee weapons have **Ensnare** while this fighter has any Charge tokens and is not using the Charge ability.,1,-,-,Reckless Fury Rivals Deck,-,VVV,N,,,,,-,-,0
Embergard,4276,RF32,Utter Ignorance,Universal,Upgrade,2,,,,,"If this fighter would be slain, they are not slain. Remove damage tokens from this fighter until they are vulnerable and then discard this card.",2,-,-,Reckless Fury Rivals Deck,-,VVV,N,,,,,-,-,0
Embergard,4277,WR1,Alone in the Dark,Universal,Objective,2,,,,,Score this in an end phase if no fighters are adjacent.,2,End,-,Wrack and Ruin Rivals Deck,-,VVV,N,,,,,-,-,0
Embergard,4278,WR2,Bloody and Bruised,Universal,Objective,1,,,,,Score this immediately after your warband inflicts damage on an enemy fighter if 3 or more fighters are damaged.,1,Surge,-,Wrack and Ruin Rivals Deck,-,VVV,N,,,,,-,-,0
Embergard,4279,WR3,Careful Advance,Universal,Objective,1,,,,,Score this immediately after a friendly fighter Moves if 2 or more friendly fighters that have Move tokens are in enemy territory.,1,Surge,-,Wrack and Ruin Rivals Deck,-,VVV,N,,,,,-,-,0
Embergard,4280,WR4,Living on the Edge,Universal,Objective,2,,,,,Score this in an end phase if a vulnerable friendly fighter is in enemy territory.,2,End,-,Wrack and Ruin Rivals Deck,-,VVV,N,,,,,-,-,0
Embergard,4281,WR5,Low on Options,Universal,Objective,1,,,,,Score this immediately after you discard a Power card if 5 or more Ploy cards are in your Power discard pile.,1,Surge,-,Wrack and Ruin Rivals Deck,-,VVV,N,,,,,-,-,0
Embergard,4282,WR6,Out of the Frying Pan,Universal,Objective,2,,,,,Score this in an end phase if 3 or more damaged friendly fighters that have Move and/or Charge tokens are in enemy territory.,2,End,-,Wrack and Ruin Rivals Deck,-,VVV,N,,,,,-,-,0
Embergard,4283,WR7,Ploymaster,Universal,Objective,1,,,,,Score this in an end phase if you played 3 or more Ploys this battle round.,1,End,-,Wrack and Ruin Rivals Deck,-,VVV,N,,,,,-,-,0
Embergard,4284,WR8,Predictable End,Universal,Objective,1,,,,,Score this immediately after an ability on a friendly Wrack and Ruin card inflicts damage on an enemy fighter holding a treasure token.,1,Surge,-,Wrack and Ruin Rivals Deck,-,VVV,N,,,,,-,-,0
Embergard,4285,WR9,Spread Out!,Universal,Objective,1,,,,,Score this in an end phase if there is a friendly fighter in each territory.,1,End,-,Wrack and Ruin Rivals Deck,-,VVV,N,,,,,-,-,0
Embergard,4286,WR10,Stay Close,Universal,Objective,2,,,,,Score this in an end phase if there are no fighters in edge hexes.,2,End,-,Wrack and Ruin Rivals Deck,-,VVV,N,,,,,-,-,0
Embergard,4287,WR11,Strong Start,Universal,Objective,1,,,,,Score this immediately after an enemy fighter is slain if that fighter was the first fighter slain this combat phase.,1,Surge,-,Wrack and Ruin Rivals Deck,-,VVV,N,,,,,-,-,0
Embergard,4288,WR12,Unsafe Ground,Universal,Objective,1,,,,,"Score this immediately after your warband inflicts damage on an enemy fighter in an edge hex. If you are the **underdog**, that enemy fighter can be within 1 hex of an edge hex instead.",1,Surge,-,Wrack and Ruin Rivals Deck,-,VVV,N,,,,,-,-,0
Embergard,4289,WR13,Confusion,Universal,Ploy,,,,,,Pick 2 adjacent fighters. Remove those fighters from the battlefield and then place each in the hex the other was removed from.,-,-,-,Wrack and Ruin Rivals Deck,-,VVV,N,,,,,-,-,0
Embergard,4290,WR14,Damned if you Do,Universal,Ploy,,,,,,Your opponent must pick 1 of the following abilities for you to resolve: \n Pick an enemy fighter. Push that fighter 1 hex. \n Pick an enemy fighter that is not vulnerable. Inflict 1 damage on that fighter.,-,-,-,Wrack and Ruin Rivals Deck,-,VVV,N,,,,,-,-,0
Embergard,4291,WR15,Deadly Traps,Universal,Ploy,,,,,,:surge: Play this immediately after a friendly fighter's drawn Attack if the target is not vulnerable and was driven back. Inflict 1 damage on the target.,-,-,-,Wrack and Ruin Rivals Deck,-,VVV,N,,,,,-,-,0
Embergard,4292,WR16,Fault Lines,Universal,Ploy,,,,,,"Pick an undamaged enemy fighter. Inflict 1 damage on that fighter. Then, your opponent can pick a fighter. Inflict 1 damage on that fighter.",-,-,-,Wrack and Ruin Rivals Deck,-,VVV,N,,,,,-,-,0
Embergard,4293,WR17,Fireproof,Universal,Ploy,,,,,,"The first time damage is inflicted on a friendly fighter in the next turn, reduce that damage to 1.",-,-,-,Wrack and Ruin Rivals Deck,-,VVV,N,,,,,-,-,0
Embergard,4294,WR18,Flee!,Universal,Ploy,,,,,,"Pick a friendly fighter in friendly territory. That fighter has +3 Move in your next Action step. If that fighter Moves in that Action step, that Move cannot end in friendly territory.",-,-,-,Wrack and Ruin Rivals Deck,-,VVV,N,,,,,-,-,0
Embergard,4295,WR19,Ominous Rumbling,Universal,Ploy,,,,,,Your opponent must pick 1 of the following abilities for you to resolve: \n Pick 2 enemy fighters. Give each of those fighters a Stagger token. \n Pick an enemy fighter that is not vulnerable. Inflict 1 damage on that fighter.,-,-,-,Wrack and Ruin Rivals Deck,-,VVV,N,,,,,-,-,0
Embergard,4296,WR20,Sidle Up,Universal,Ploy,,,,,,Pick a friendly fighter. Push that fighter up to 2 hexes. That push must end adjacent to 2 or more fighters.,-,-,-,Wrack and Ruin Rivals Deck,-,VVV,N,,,,,-,-,0
Embergard,4297,WR21,Vicious Intent,Universal,Ploy,,,,,,":surge: Play this immediately after you pick a melee weapon as part of an Attack. That weapon has +1 Attack dice for that Attack. If the target is undamaged, that weapon has +2 Attack dice for that Attack instead.",-,-,-,Wrack and Ruin Rivals Deck,-,VVV,N,,,,,-,-,0
Embergard,4298,WR22,Volcanic Eruption,Universal,Ploy,,,,,,"Pick a fighter. Then your opponent can pick an enemy fighter. Starting with the fighter you picked, roll a number of Attack dice for each of those fighters equal to their Bounty characteristic, to a minimum of 1. If the roll contains any :atSmash:, inflict 1 damage on that fighter.",-,-,-,Wrack and Ruin Rivals Deck,-,VVV,N,,,,,-,-,0
Embergard,4299,WR23,Barge,Universal,Upgrade,2,,,,,":core: **Barge:** This fighter can use this Core ability if they have no Move and/or Charge tokens. This fighter Moves. That Move must end adjacent to an enemy fighter. Give this fighter a Charge token. Then, pick an enemy fighter adjacent to this fighter. Push that fighter 1 hex then give them a Stagger token.",2,-,-,Wrack and Ruin Rivals Deck,-,VVV,N,,,,,-,-,0
Embergard,4300,WR24,Desperate Defence,Universal,Upgrade,2,,,,,"While this fighter is the target of an Attack, the attacker's weapons have -1 Damage. The next time damage is inflicted on this fighter as part on an Attack, discard this card.",2,-,-,Wrack and Ruin Rivals Deck,-,VVV,N,,,,,-,-,0
Embergard,4301,WR25,Fiery Temper,Universal,Upgrade,0,,,,,":surge: **Belligerent:** Immediately after this fighter has been picked to be pushed, you can inflict 1 damage on this fighter. If you do so, this fighter is not pushed.",0,-,-,Wrack and Ruin Rivals Deck,-,VVV,N,,,,,-,-,0
Embergard,4302,WR26,Great Speed,Universal,Upgrade,0,,,,,This fighter has +1 Move.,0,-,-,Wrack and Ruin Rivals Deck,-,VVV,N,,,,,-,-,0
Embergard,4303,WR27,Henchman,Universal,Upgrade,1,,,,,":surge: **Disciplined:** Immediately after you make an Attack roll for this fighter, you can change 1 result to :atSup1:. You cannot re-roll Attack rolls for this fighter.",1,-,-,Wrack and Ruin Rivals Deck,-,VVV,N,,,,,-,-,0
Embergard,4304,WR28,Misfortune,Universal,Upgrade,0,,,,,":surge: **Ill-fated:** Immediately after this fighter uses a Core ability, you can inflict 1 damage on this fighter. Then, you can remove this Upgrade from this fighter and equip another friendly fighter with this Upgrade.",0,-,-,Wrack and Ruin Rivals Deck,-,VVV,N,,,,,-,-,0
Embergard,4305,WR29,Rock-splitting Tread,Universal,Upgrade,1,,,,,":surge: **Stomp:** Immediately after your last Action step in a battle round, pick an adjacent enemy fighter that is not vulnerable. Inflict 1 damage on that fighter. Then, roll an Attack dice. On an :atSmash:, discard this card.",1,-,-,Wrack and Ruin Rivals Deck,-,VVV,N,,,,,-,-,0
Embergard,4306,WR30,Sundering Weapon,Universal,Upgrade,1,,,,,This fighter's melee weapons have **Cleave**.,1,-,-,Wrack and Ruin Rivals Deck,-,VVV,N,,,,,-,-,0
Embergard,4307,WR31,Unstoppable,Universal,Upgrade,2,,,,,"While this fighter is vulnerable, each time 1 damage is inflicted on this fighter, reduce that damage to 0.",2,-,-,Wrack and Ruin Rivals Deck,-,VVV,N,,,,,-,-,0
Embergard,4308,WR32,Wary Tread,Universal,Upgrade,1,,,,,You can use this ability after the last Power step in a battle round. Push this fighter 1 hex. That push cannot end adjacent to any fighters.,1,-,-,Wrack and Ruin Rivals Deck,-,VVV,N,,,,,-,-,0